CR_TERDISPLAYID,CR_TRANSACTIONDATE,CR_LOCDISPLAYID,CR_TOTALCOUNT,CR_AMOUNT
000403001,2025-06-25,000403,0,0.0
000403002,2025-06-25,000403,0,0.0
000403006,2025-06-25,000403,0,0.0
000403077,2025-06-25,000403,0,0.0
000404001,2025-06-25,000404,0,0.0
000404002,2025-06-25,000404,0,0.0
000406001,2025-06-25,000406,0,0.0
000406002,2025-06-25,000406,0,0.0
000406003,2025-06-25,000406,0,0.0
000407001,2025-06-25,000407,0,0.0
000407002,2025-06-25,000407,0,0.0
000516001,2025-06-25,000516,0,0.0
000516002,2025-06-25,000516,0,0.0
000517001,2025-06-25,000517,0,0.0
000517002,2025-06-25,000517,0,0.0
000604001,2025-06-25,000604,0,0.0
000604002,2025-06-25,000604,0,0.0
000605001,2025-06-25,000605,0,0.0
000605002,2025-06-25,000605,0,0.0
000605003,2025-06-25,000605,0,0.0
000710001,2025-06-25,000710,0,0.0
000710002,2025-06-25,000710,0,0.0
000807001,2025-06-25,000807,0,0.0
000807002,2025-06-25,000807,0,0.0
000807003,2025-06-25,000807,0,0.0
000807004,2025-06-25,000807,0,0.0
000905001,2025-06-25,000905,0,0.0
000905002,2025-06-25,000905,0,0.0
000905003,2025-06-25,000905,0,0.0
000906001,2025-06-25,000906,0,0.0
000906002,2025-06-25,000906,0,0.0
000907001,2025-06-25,000907,0,0.0
001006001,2025-06-25,001006,0,0.0
001006002,2025-06-25,001006,0,0.0
001006003,2025-06-25,001006,0,0.0
001007001,2025-06-25,001007,0,0.0
001007002,2025-06-25,001007,0,0.0
001008001,2025-06-25,001008,0,0.0
001008002,2025-06-25,001008,0,0.0
001211001,2025-06-25,001211,0,0.0
001211002,2025-06-25,001211,0,0.0
001211003,2025-06-25,001211,0,0.0
001212001,2025-06-25,001212,0,0.0
001212002,2025-06-25,001212,0,0.0
001212003,2025-06-25,001212,0,0.0
001213001,2025-06-25,001213,0,0.0
001213002,2025-06-25,001213,0,0.0
001213003,2025-06-25,001213,0,0.0
001214001,2025-06-25,001214,0,0.0
001214002,2025-06-25,001214,0,0.0
001216001,2025-06-25,001216,0,0.0
001216002,2025-06-25,001216,0,0.0
001303001,2025-06-25,001303,0,0.0
001303002,2025-06-25,001303,0,0.0
001415001,2025-06-25,001415,0,0.0
001415002,2025-06-25,001415,0,0.0
001417001,2025-06-25,001417,0,0.0
001417002,2025-06-25,001417,0,0.0
001418001,2025-06-25,001418,0,0.0
001418002,2025-06-25,001418,0,0.0
001418003,2025-06-25,001418,0,0.0
001512001,2025-06-25,001512,0,0.0
001512002,2025-06-25,001512,0,0.0
001512003,2025-06-25,001512,0,0.0
001513001,2025-06-25,001513,0,0.0
001513002,2025-06-25,001513,0,0.0
001514001,2025-06-25,001514,0,0.0
001514002,2025-06-25,001514,0,0.0
001516001,2025-06-25,001516,0,0.0
001516002,2025-06-25,001516,0,0.0
001612001,2025-06-25,001612,0,0.0
001612002,2025-06-25,001612,0,0.0
001613001,2025-06-25,001613,0,0.0
001613002,2025-06-25,001613,0,0.0
001613003,2025-06-25,001613,0,0.0
001617001,2025-06-25,001617,0,0.0
001617003,2025-06-25,001617,0,0.0
001618001,2025-06-25,001618,0,0.0
001618002,2025-06-25,001618,0,0.0
001619001,2025-06-25,001619,0,0.0
001619002,2025-06-25,001619,0,0.0
001620001,2025-06-25,001620,0,0.0
001620002,2025-06-25,001620,0,0.0
001703001,2025-06-25,001703,0,0.0
001703002,2025-06-25,001703,0,0.0
001703003,2025-06-25,001703,0,0.0
001810001,2025-06-25,001810,0,0.0
001810002,2025-06-25,001810,0,0.0
001811001,2025-06-25,001811,0,0.0
001811002,2025-06-25,001811,0,0.0
001811003,2025-06-25,001811,0,0.0
001811004,2025-06-25,001811,0,0.0
001811006,2025-06-25,001811,0,0.0
001912001,2025-06-25,001912,0,0.0
001912002,2025-06-25,001912,0,0.0
002012001,2025-06-25,002012,0,0.0
002012002,2025-06-25,002012,0,0.0
002012003,2025-06-25,002012,0,0.0
002015001,2025-06-25,002015,0,0.0
002015002,2025-06-25,002015,0,0.0
002015003,2025-06-25,002015,0,0.0
002016001,2025-06-25,002016,0,0.0
002016002,2025-06-25,002016,0,0.0
002105001,2025-06-25,002105,0,0.0
002105002,2025-06-25,002105,0,0.0
002106001,2025-06-25,002106,0,0.0
002106002,2025-06-25,002106,0,0.0
002213001,2025-06-25,002213,0,0.0
002213002,2025-06-25,002213,0,0.0
002213003,2025-06-25,002213,0,0.0
002309001,2025-06-25,002309,0,0.0
002309002,2025-06-25,002309,0,0.0
002310001,2025-06-25,002310,0,0.0
002310002,2025-06-25,002310,0,0.0
002311001,2025-06-25,002311,0,0.0
002311002,2025-06-25,002311,0,0.0
002312001,2025-06-25,002312,0,0.0
002312002,2025-06-25,002312,0,0.0
002312003,2025-06-25,002312,0,0.0
002401001,2025-06-25,002401,0,0.0
002401002,2025-06-25,002401,0,0.0
002401003,2025-06-25,002401,0,0.0
002602001,2025-06-25,002602,0,0.0
002602002,2025-06-25,002602,0,0.0
002706001,2025-06-25,002706,0,0.0
002706002,2025-06-25,002706,0,0.0
002706003,2025-06-25,002706,0,0.0
003101001,2025-06-25,003101,0,0.0
003101002,2025-06-25,003101,0,0.0
003101003,2025-06-25,003101,0,0.0
003103001,2025-06-25,003103,0,0.0
003103002,2025-06-25,003103,0,0.0
003104001,2025-06-25,003104,0,0.0
003104002,2025-06-25,003104,0,0.0
003105001,2025-06-25,003105,0,0.0
003105002,2025-06-25,003105,0,0.0
003105003,2025-06-25,003105,0,0.0
003106001,2025-06-25,003106,0,0.0
003106002,2025-06-25,003106,0,0.0
003107001,2025-06-25,003107,0,0.0
003107002,2025-06-25,003107,0,0.0
003107003,2025-06-25,003107,0,0.0
003107004,2025-06-25,003107,0,0.0
003203001,2025-06-25,003203,0,0.0
003203002,2025-06-25,003203,0,0.0
003205001,2025-06-25,003205,0,0.0
003205002,2025-06-25,003205,0,0.0
003301001,2025-06-25,003301,0,0.0
003301002,2025-06-25,003301,0,0.0
003302001,2025-06-25,003302,0,0.0
003302002,2025-06-25,003302,0,0.0
003302003,2025-06-25,003302,0,0.0
003303001,2025-06-25,003303,0,0.0
003303002,2025-06-25,003303,0,0.0
003303003,2025-06-25,003303,0,0.0
003402001,2025-06-25,003402,0,0.0
003402002,2025-06-25,003402,0,0.0
003403001,2025-06-25,003403,0,0.0
003403002,2025-06-25,003403,0,0.0
003501001,2025-06-25,003501,0,0.0
003501002,2025-06-25,003501,0,0.0
003601001,2025-06-25,003601,0,0.0
003601002,2025-06-25,003601,0,0.0
003801001,2025-06-25,003801,0,0.0
003801002,2025-06-25,003801,0,0.0
003802001,2025-06-25,003802,0,0.0
003802002,2025-06-25,003802,0,0.0
003802003,2025-06-25,003802,0,0.0
003803001,2025-06-25,003803,0,0.0
003803002,2025-06-25,003803,0,0.0
003803003,2025-06-25,003803,0,0.0
003805001,2025-06-25,003805,0,0.0
003805002,2025-06-25,003805,0,0.0
003807001,2025-06-25,003807,0,0.0
003807002,2025-06-25,003807,0,0.0
003902001,2025-06-25,003902,0,0.0
003902002,2025-06-25,003902,0,0.0
004001001,2025-06-25,004001,0,0.0
004001002,2025-06-25,004001,0,0.0
004001003,2025-06-25,004001,0,0.0
004002001,2025-06-25,004002,0,0.0
004002002,2025-06-25,004002,0,0.0
004002003,2025-06-25,004002,0,0.0
004006001,2025-06-25,004006,0,0.0
004006002,2025-06-25,004006,0,0.0
004007001,2025-06-25,004007,0,0.0
004007002,2025-06-25,004007,0,0.0
004101001,2025-06-25,004101,0,0.0
004101002,2025-06-25,004101,0,0.0
004202001,2025-06-25,004202,0,0.0
004202002,2025-06-25,004202,0,0.0
004303001,2025-06-25,004303,0,0.0
004303002,2025-06-25,004303,0,0.0
004401001,2025-06-25,004401,0,0.0
004401002,2025-06-25,004401,0,0.0
004402001,2025-06-25,004402,0,0.0
004402002,2025-06-25,004402,0,0.0
004404001,2025-06-25,004404,0,0.0
004404002,2025-06-25,004404,0,0.0
004404003,2025-06-25,004404,0,0.0
004501001,2025-06-25,004501,0,0.0
004501002,2025-06-25,004501,0,0.0
004501003,2025-06-25,004501,0,0.0
004602001,2025-06-25,004602,0,0.0
004602002,2025-06-25,004602,0,0.0
004604001,2025-06-25,004604,0,0.0
004604002,2025-06-25,004604,0,0.0
004604003,2025-06-25,004604,0,0.0
004604004,2025-06-25,004604,0,0.0
004605001,2025-06-25,004605,0,0.0
004605002,2025-06-25,004605,0,0.0
004607001,2025-06-25,004607,0,0.0
004607002,2025-06-25,004607,0,0.0
004607003,2025-06-25,004607,0,0.0
004609001,2025-06-25,004609,0,0.0
004609002,2025-06-25,004609,0,0.0
004610001,2025-06-25,004610,0,0.0
004610002,2025-06-25,004610,0,0.0
004612001,2025-06-25,004612,0,0.0
004612002,2025-06-25,004612,0,0.0
004613001,2025-06-25,004613,0,0.0
004613002,2025-06-25,004613,0,0.0
004701001,2025-06-25,004701,0,0.0
004701002,2025-06-25,004701,0,0.0
004701003,2025-06-25,004701,0,0.0
004702001,2025-06-25,004702,0,0.0
004702002,2025-06-25,004702,0,0.0
004703001,2025-06-25,004703,0,0.0
004703002,2025-06-25,004703,0,0.0
004801001,2025-06-25,004801,0,0.0
004801002,2025-06-25,004801,0,0.0
004801003,2025-06-25,004801,0,0.0
005002001,2025-06-25,005002,0,0.0
005002002,2025-06-25,005002,0,0.0
005101001,2025-06-25,005101,0,0.0
005101002,2025-06-25,005101,0,0.0
005103001,2025-06-25,005103,0,0.0
005103002,2025-06-25,005103,0,0.0
005104001,2025-06-25,005104,0,0.0
005104002,2025-06-25,005104,0,0.0
005105001,2025-06-25,005105,0,0.0
005105002,2025-06-25,005105,0,0.0
005201001,2025-06-25,005201,0,0.0
005201002,2025-06-25,005201,0,0.0
005202001,2025-06-25,005202,0,0.0
005202002,2025-06-25,005202,0,0.0
005202003,2025-06-25,005202,0,0.0
005203001,2025-06-25,005203,0,0.0
005203002,2025-06-25,005203,0,0.0
005203003,2025-06-25,005203,0,0.0
005203004,2025-06-25,005203,0,0.0
005204001,2025-06-25,005204,0,0.0
005204002,2025-06-25,005204,0,0.0
005206001,2025-06-25,005206,0,0.0
005206002,2025-06-25,005206,0,0.0
005206003,2025-06-25,005206,0,0.0
005206004,2025-06-25,005206,0,0.0
005208001,2025-06-25,005208,0,0.0
005208002,2025-06-25,005208,0,0.0
005208003,2025-06-25,005208,0,0.0
005211001,2025-06-25,005211,0,0.0
005211002,2025-06-25,005211,0,0.0
005211003,2025-06-25,005211,0,0.0
005211004,2025-06-25,005211,0,0.0
005212001,2025-06-25,005212,0,0.0
005212002,2025-06-25,005212,0,0.0
005212003,2025-06-25,005212,0,0.0
005214001,2025-06-25,005214,0,0.0
005214002,2025-06-25,005214,0,0.0
005216001,2025-06-25,005216,0,0.0
005216002,2025-06-25,005216,0,0.0
005216003,2025-06-25,005216,0,0.0
005217001,2025-06-25,005217,0,0.0
005217002,2025-06-25,005217,0,0.0
005217003,2025-06-25,005217,0,0.0
005301001,2025-06-25,005301,0,0.0
005301002,2025-06-25,005301,0,0.0
005301003,2025-06-25,005301,0,0.0
005302001,2025-06-25,005302,0,0.0
005302002,2025-06-25,005302,0,0.0
005303001,2025-06-25,005303,0,0.0
005303002,2025-06-25,005303,0,0.0
005303003,2025-06-25,005303,0,0.0
005303004,2025-06-25,005303,0,0.0
005303005,2025-06-25,005303,0,0.0
005303006,2025-06-25,005303,0,0.0
005304001,2025-06-25,005304,0,0.0
005304002,2025-06-25,005304,0,0.0
005304003,2025-06-25,005304,0,0.0
005304004,2025-06-25,005304,0,0.0
005306001,2025-06-25,005306,0,0.0
005306002,2025-06-25,005306,0,0.0
005307001,2025-06-25,005307,0,0.0
005307002,2025-06-25,005307,0,0.0
005309001,2025-06-25,005309,0,0.0
005309002,2025-06-25,005309,0,0.0
005309003,2025-06-25,005309,0,0.0
005310001,2025-06-25,005310,0,0.0
005310002,2025-06-25,005310,0,0.0
005311001,2025-06-25,005311,0,0.0
005311002,2025-06-25,005311,0,0.0
005312001,2025-06-25,005312,0,0.0
005312002,2025-06-25,005312,0,0.0
005313002,2025-06-25,005313,0,0.0
005313003,2025-06-25,005313,0,0.0
005314001,2025-06-25,005314,0,0.0
005314002,2025-06-25,005314,0,0.0
005315001,2025-06-25,005315,0,0.0
005315002,2025-06-25,005315,0,0.0
005316001,2025-06-25,005316,0,0.0
005316002,2025-06-25,005316,0,0.0
005401001,2025-06-25,005401,0,0.0
005401002,2025-06-25,005401,0,0.0
005401003,2025-06-25,005401,0,0.0
005403001,2025-06-25,005403,0,0.0
005403002,2025-06-25,005403,0,0.0
005405001,2025-06-25,005405,0,0.0
005405002,2025-06-25,005405,0,0.0
005405003,2025-06-25,005405,0,0.0
005406001,2025-06-25,005406,0,0.0
005406002,2025-06-25,005406,0,0.0
005406003,2025-06-25,005406,0,0.0
005406004,2025-06-25,005406,0,0.0
005407001,2025-06-25,005407,0,0.0
005407002,2025-06-25,005407,0,0.0
005408001,2025-06-25,005408,0,0.0
005408002,2025-06-25,005408,0,0.0
005408003,2025-06-25,005408,0,0.0
005501001,2025-06-25,005501,0,0.0
005501002,2025-06-25,005501,0,0.0
005501003,2025-06-25,005501,0,0.0
005502001,2025-06-25,005502,0,0.0
005502002,2025-06-25,005502,0,0.0
005504001,2025-06-25,005504,0,0.0
005504002,2025-06-25,005504,0,0.0
005508001,2025-06-25,005508,0,0.0
005508002,2025-06-25,005508,0,0.0
005508003,2025-06-25,005508,0,0.0
005509001,2025-06-25,005509,0,0.0
005509002,2025-06-25,005509,0,0.0
005601001,2025-06-25,005601,0,0.0
005601002,2025-06-25,005601,0,0.0
005601003,2025-06-25,005601,0,0.0
005602001,2025-06-25,005602,0,0.0
005602002,2025-06-25,005602,0,0.0
005602003,2025-06-25,005602,0,0.0
005602004,2025-06-25,005602,0,0.0
005603001,2025-06-25,005603,0,0.0
005603002,2025-06-25,005603,0,0.0
005603003,2025-06-25,005603,0,0.0
005604001,2025-06-25,005604,0,0.0
005604002,2025-06-25,005604,0,0.0
005604003,2025-06-25,005604,0,0.0
005604004,2025-06-25,005604,0,0.0
005606001,2025-06-25,005606,0,0.0
005606002,2025-06-25,005606,0,0.0
005609001,2025-06-25,005609,0,0.0
005609002,2025-06-25,005609,0,0.0
005609003,2025-06-25,005609,0,0.0
005610001,2025-06-25,005610,0,0.0
005610002,2025-06-25,005610,0,0.0
005610003,2025-06-25,005610,0,0.0
005701001,2025-06-25,005701,0,0.0
005701002,2025-06-25,005701,0,0.0
005702001,2025-06-25,005702,0,0.0
005702002,2025-06-25,005702,0,0.0
005702003,2025-06-25,005702,0,0.0
005703001,2025-06-25,005703,0,0.0
005703002,2025-06-25,005703,0,0.0
005704001,2025-06-25,005704,0,0.0
005704002,2025-06-25,005704,0,0.0
005705001,2025-06-25,005705,0,0.0
005705002,2025-06-25,005705,0,0.0
005706001,2025-06-25,005706,0,0.0
005706002,2025-06-25,005706,0,0.0
005803001,2025-06-25,005803,0,0.0
005803002,2025-06-25,005803,0,0.0
005804001,2025-06-25,005804,0,0.0
005804002,2025-06-25,005804,0,0.0
006001001,2025-06-25,006001,0,0.0
006001002,2025-06-25,006001,0,0.0
006001003,2025-06-25,006001,0,0.0
006002001,2025-06-25,006002,0,0.0
006002002,2025-06-25,006002,0,0.0
006002003,2025-06-25,006002,0,0.0
006003001,2025-06-25,006003,0,0.0
006003002,2025-06-25,006003,0,0.0
006003003,2025-06-25,006003,0,0.0
006006001,2025-06-25,006006,0,0.0
006006002,2025-06-25,006006,0,0.0
006006003,2025-06-25,006006,0,0.0
006007001,2025-06-25,006007,0,0.0
006101001,2025-06-25,006101,0,0.0
006101002,2025-06-25,006101,0,0.0
006103001,2025-06-25,006103,0,0.0
006103002,2025-06-25,006103,0,0.0
006105001,2025-06-25,006105,0,0.0
006105002,2025-06-25,006105,0,0.0
006105003,2025-06-25,006105,0,0.0
006201001,2025-06-25,006201,0,0.0
006201002,2025-06-25,006201,0,0.0
006202001,2025-06-25,006202,0,0.0
006202002,2025-06-25,006202,0,0.0
006301001,2025-06-25,006301,0,0.0
006301002,2025-06-25,006301,0,0.0
006401002,2025-06-25,006401,0,0.0
006401003,2025-06-25,006401,0,0.0
006401004,2025-06-25,006401,0,0.0
006401005,2025-06-25,006401,0,0.0
006404001,2025-06-25,006404,0,0.0
006404002,2025-06-25,006404,0,0.0
006404003,2025-06-25,006404,0,0.0
006405001,2025-06-25,006405,0,0.0
006405002,2025-06-25,006405,0,0.0
006405003,2025-06-25,006405,0,0.0
006405004,2025-06-25,006405,0,0.0
006407001,2025-06-25,006407,0,0.0
006407002,2025-06-25,006407,0,0.0
006407003,2025-06-25,006407,0,0.0
006408001,2025-06-25,006408,0,0.0
006408002,2025-06-25,006408,0,0.0
006408003,2025-06-25,006408,0,0.0
006408004,2025-06-25,006408,0,0.0
006501001,2025-06-25,006501,0,0.0
006501002,2025-06-25,006501,0,0.0
006501003,2025-06-25,006501,0,0.0
006502001,2025-06-25,006502,0,0.0
006502002,2025-06-25,006502,0,0.0
006502003,2025-06-25,006502,0,0.0
006504001,2025-06-25,006504,0,0.0
006504002,2025-06-25,006504,0,0.0
006505001,2025-06-25,006505,0,0.0
006505002,2025-06-25,006505,0,0.0
006701001,2025-06-25,006701,0,0.0
006701002,2025-06-25,006701,0,0.0
006701003,2025-06-25,006701,0,0.0
006702001,2025-06-25,006702,0,0.0
006702002,2025-06-25,006702,0,0.0
006703001,2025-06-25,006703,0,0.0
006703002,2025-06-25,006703,0,0.0
006705001,2025-06-25,006705,0,0.0
006705002,2025-06-25,006705,0,0.0
006705003,2025-06-25,006705,0,0.0
006803001,2025-06-25,006803,0,0.0
006803002,2025-06-25,006803,0,0.0
006803004,2025-06-25,006803,0,0.0
006804001,2025-06-25,006804,0,0.0
006804002,2025-06-25,006804,0,0.0
006805001,2025-06-25,006805,0,0.0
006805002,2025-06-25,006805,0,0.0
006807001,2025-06-25,006807,0,0.0
006807002,2025-06-25,006807,0,0.0
006807003,2025-06-25,006807,0,0.0
006807004,2025-06-25,006807,0,0.0
006807005,2025-06-25,006807,0,0.0
006808001,2025-06-25,006808,0,0.0
006808002,2025-06-25,006808,0,0.0
006808003,2025-06-25,006808,0,0.0
006809001,2025-06-25,006809,0,0.0
006809002,2025-06-25,006809,0,0.0
006810001,2025-06-25,006810,0,0.0
006810002,2025-06-25,006810,0,0.0
007304001,2025-06-25,007304,0,0.0
007304002,2025-06-25,007304,0,0.0
007305001,2025-06-25,007305,0,0.0
007305002,2025-06-25,007305,0,0.0
007305003,2025-06-25,007305,0,0.0
007306001,2025-06-25,007306,0,0.0
007306002,2025-06-25,007306,0,0.0
007308001,2025-06-25,007308,0,0.0
007308002,2025-06-25,007308,0,0.0
007309001,2025-06-25,007309,0,0.0
007309002,2025-06-25,007309,0,0.0
007309003,2025-06-25,007309,0,0.0
007310001,2025-06-25,007310,0,0.0
007310002,2025-06-25,007310,0,0.0
007310003,2025-06-25,007310,0,0.0
007311001,2025-06-25,007311,0,0.0
007311002,2025-06-25,007311,0,0.0
007501001,2025-06-25,007501,0,0.0
007501002,2025-06-25,007501,0,0.0
007502001,2025-06-25,007502,0,0.0
007502002,2025-06-25,007502,0,0.0
007502003,2025-06-25,007502,0,0.0
007503001,2025-06-25,007503,0,0.0
007503002,2025-06-25,007503,0,0.0
007601001,2025-06-25,007601,0,0.0
007601002,2025-06-25,007601,0,0.0
007601003,2025-06-25,007601,0,0.0
007601004,2025-06-25,007601,0,0.0
007601005,2025-06-25,007601,0,0.0
007602001,2025-06-25,007602,0,0.0
007602002,2025-06-25,007602,0,0.0
007602003,2025-06-25,007602,0,0.0
007602004,2025-06-25,007602,0,0.0
007604001,2025-06-25,007604,0,0.0
007604002,2025-06-25,007604,0,0.0
007604003,2025-06-25,007604,0,0.0
007607001,2025-06-25,007607,0,0.0
007607002,2025-06-25,007607,0,0.0
007607003,2025-06-25,007607,0,0.0
007612001,2025-06-25,007612,0,0.0
007612002,2025-06-25,007612,0,0.0
007612003,2025-06-25,007612,0,0.0
007612004,2025-06-25,007612,0,0.0
007613001,2025-06-25,007613,0,0.0
007613002,2025-06-25,007613,0,0.0
007801001,2025-06-25,007801,0,0.0
007801002,2025-06-25,007801,0,0.0
008001001,2025-06-25,008001,0,0.0
008001002,2025-06-25,008001,0,0.0
008001003,2025-06-25,008001,0,0.0
008201001,2025-06-25,008201,0,0.0
008201002,2025-06-25,008201,0,0.0
008202001,2025-06-25,008202,0,0.0
008202002,2025-06-25,008202,0,0.0
008204001,2025-06-25,008204,0,0.0
008204002,2025-06-25,008204,0,0.0
008205001,2025-06-25,008205,0,0.0
008205002,2025-06-25,008205,0,0.0
008206001,2025-06-25,008206,0,0.0
008206002,2025-06-25,008206,0,0.0
008207001,2025-06-25,008207,0,0.0
008207002,2025-06-25,008207,0,0.0
008888002,2025-06-25,008888,0,0.0
008888004,2025-06-25,008888,0,0.0
008888005,2025-06-25,008888,0,0.0
008888008,2025-06-25,008888,0,0.0
008888010,2025-06-25,008888,0,0.0
008888011,2025-06-25,008888,0,0.0
008888012,2025-06-25,008888,0,0.0
008888015,2025-06-25,008888,0,0.0
008888016,2025-06-25,008888,0,0.0
008888017,2025-06-25,008888,0,0.0
008888018,2025-06-25,008888,0,0.0
008888019,2025-06-25,008888,0,0.0
008888020,2025-06-25,008888,0,0.0
008888022,2025-06-25,008888,0,0.0
008888025,2025-06-25,008888,0,0.0
008888026,2025-06-25,008888,0,0.0
008888027,2025-06-25,008888,0,0.0
008888028,2025-06-25,008888,0,0.0
008888029,2025-06-25,008888,0,0.0
008888030,2025-06-25,008888,0,0.0
008888031,2025-06-25,008888,0,0.0
008888032,2025-06-25,008888,0,0.0
008888033,2025-06-25,008888,0,0.0
008888034,2025-06-25,008888,0,0.0
008888035,2025-06-25,008888,0,0.0
008888036,2025-06-25,008888,0,0.0
008888037,2025-06-25,008888,0,0.0
008888038,2025-06-25,008888,0,0.0
008888039,2025-06-25,008888,0,0.0
008888040,2025-06-25,008888,0,0.0
008888041,2025-06-25,008888,0,0.0
008888042,2025-06-25,008888,0,0.0
008888066,2025-06-25,008888,0,0.0
008888067,2025-06-25,008888,0,0.0
008888100,2025-06-25,008888,0,0.0
008888101,2025-06-25,008888,0,0.0
008888102,2025-06-25,008888,0,0.0
008888989,2025-06-25,008888,0,0.0
009901001,2025-06-25,009901,0,0.0
009901002,2025-06-25,009901,0,0.0
009901003,2025-06-25,009901,0,0.0
009901004,2025-06-25,009901,0,0.0
009901005,2025-06-25,009901,0,0.0
009901006,2025-06-25,009901,0,0.0
009901007,2025-06-25,009901,0,0.0
009901008,2025-06-25,009901,0,0.0
151189001,2025-06-25,151189,83,63800.0
151189002,2025-06-25,151189,0,0.0
151189003,2025-06-25,151189,0,0.0
151189004,2025-06-25,151189,0,0.0
151189005,2025-06-25,151189,0,0.0
151189006,2025-06-25,151189,0,0.0
151189007,2025-06-25,151189,0,0.0
151189008,2025-06-25,151189,0,0.0
151189009,2025-06-25,151189,0,0.0
151189010,2025-06-25,151189,0,0.0
154101001,2025-06-25,154101,0,0.0
154101002,2025-06-25,154101,0,0.0
154101003,2025-06-25,154101,0,0.0
154101004,2025-06-25,154101,0,0.0
154101005,2025-06-25,154101,0,0.0
154197001,2025-06-25,154197,0,0.0
154197002,2025-06-25,154197,0,0.0
154197003,2025-06-25,154197,0,0.0
154197004,2025-06-25,154197,0,0.0
154301001,2025-06-25,154301,0,0.0
154301002,2025-06-25,154301,0,0.0
154501011,2025-06-25,154501,0,0.0
154501012,2025-06-25,154501,0,0.0
154501013,2025-06-25,154501,0,0.0
154501014,2025-06-25,154501,0,0.0
154601001,2025-06-25,154601,0,0.0
154601002,2025-06-25,154601,0,0.0
154601003,2025-06-25,154601,0,0.0
154602001,2025-06-25,154602,0,0.0
154602002,2025-06-25,154602,0,0.0
154603001,2025-06-25,154603,0,0.0
154603003,2025-06-25,154603,0,0.0
154603004,2025-06-25,154603,0,0.0
155101001,2025-06-25,155101,0,0.0
155101002,2025-06-25,155101,0,0.0
155101003,2025-06-25,155101,0,0.0
155102001,2025-06-25,155102,0,0.0
155102002,2025-06-25,155102,0,0.0
155102003,2025-06-25,155102,0,0.0
155102004,2025-06-25,155102,0,0.0
155201001,2025-06-25,155201,0,0.0
155201002,2025-06-25,155201,0,0.0
155203001,2025-06-25,155203,0,0.0
155203002,2025-06-25,155203,0,0.0
155203003,2025-06-25,155203,0,0.0
155301001,2025-06-25,155301,0,0.0
155301002,2025-06-25,155301,0,0.0
155301003,2025-06-25,155301,0,0.0
155301004,2025-06-25,155301,0,0.0
155301005,2025-06-25,155301,0,0.0
155301006,2025-06-25,155301,0,0.0
155301007,2025-06-25,155301,0,0.0
155301008,2025-06-25,155301,0,0.0
155302001,2025-06-25,155302,0,0.0
155302002,2025-06-25,155302,0,0.0
155302003,2025-06-25,155302,0,0.0
155302004,2025-06-25,155302,0,0.0
155303001,2025-06-25,155303,0,0.0
155303002,2025-06-25,155303,0,0.0
155304001,2025-06-25,155304,0,0.0
155304002,2025-06-25,155304,0,0.0
160192001,2025-06-25,160192,0,0.0
160192002,2025-06-25,160192,0,0.0
160192003,2025-06-25,160192,0,0.0
160192004,2025-06-25,160192,0,0.0
160192005,2025-06-25,160192,0,0.0
160192006,2025-06-25,160192,0,0.0
160192007,2025-06-25,160192,0,0.0
160192008,2025-06-25,160192,0,0.0
160198001,2025-06-25,160198,0,0.0
160198002,2025-06-25,160198,0,0.0
160198003,2025-06-25,160198,0,0.0
160198004,2025-06-25,160198,0,0.0
160501001,2025-06-25,160501,0,0.0
160501002,2025-06-25,160501,0,0.0
160501003,2025-06-25,160501,0,0.0
160501004,2025-06-25,160501,0,0.0
160501005,2025-06-25,160501,0,0.0
160501006,2025-06-25,160501,0,0.0
160501007,2025-06-25,160501,0,0.0
160801001,2025-06-25,160801,0,0.0
160801002,2025-06-25,160801,0,0.0
160802001,2025-06-25,160802,0,0.0
160802002,2025-06-25,160802,0,0.0
160802003,2025-06-25,160802,0,0.0
160802004,2025-06-25,160802,0,0.0
160802005,2025-06-25,160802,0,0.0
160901001,2025-06-25,160901,0,0.0
160901002,2025-06-25,160901,0,0.0
161186001,2025-06-25,161186,0,0.0
161186002,2025-06-25,161186,0,0.0
161186003,2025-06-25,161186,0,0.0
161186011,2025-06-25,161186,0,0.0
161186012,2025-06-25,161186,0,0.0
161186013,2025-06-25,161186,0,0.0
161186014,2025-06-25,161186,0,0.0
161201001,2025-06-25,161201,0,0.0
161201002,2025-06-25,161201,0,0.0
161201003,2025-06-25,161201,0,0.0
161201004,2025-06-25,161201,0,0.0
161202001,2025-06-25,161202,0,0.0
161202002,2025-06-25,161202,0,0.0
161501001,2025-06-25,161501,0,0.0
161501002,2025-06-25,161501,0,0.0
161501003,2025-06-25,161501,0,0.0
161601001,2025-06-25,161601,0,0.0
161601002,2025-06-25,161601,0,0.0
161601003,2025-06-25,161601,0,0.0
161602001,2025-06-25,161602,0,0.0
161602002,2025-06-25,161602,0,0.0
161602003,2025-06-25,161602,0,0.0
161604001,2025-06-25,161604,0,0.0
161604002,2025-06-25,161604,0,0.0
162001001,2025-06-25,162001,0,0.0
162001002,2025-06-25,162001,0,0.0
162001003,2025-06-25,162001,0,0.0
162001004,2025-06-25,162001,0,0.0
162001005,2025-06-25,162001,0,0.0
162001006,2025-06-25,162001,0,0.0
162001007,2025-06-25,162001,0,0.0
162195001,2025-06-25,162195,0,0.0
162195002,2025-06-25,162195,0,0.0
162195003,2025-06-25,162195,0,0.0
162199001,2025-06-25,162199,0,0.0
162199002,2025-06-25,162199,0,0.0
162199003,2025-06-25,162199,0,0.0
162199004,2025-06-25,162199,0,0.0
162199005,2025-06-25,162199,0,0.0
162201001,2025-06-25,162201,0,0.0
162201002,2025-06-25,162201,0,0.0
162201003,2025-06-25,162201,0,0.0
162201004,2025-06-25,162201,0,0.0
163301001,2025-06-25,163301,0,0.0
163301002,2025-06-25,163301,0,0.0
163801001,2025-06-25,163801,0,0.0
163801002,2025-06-25,163801,0,0.0
163801003,2025-06-25,163801,0,0.0
163802001,2025-06-25,163802,0,0.0
163802002,2025-06-25,163802,0,0.0
163803001,2025-06-25,163803,0,0.0
163803002,2025-06-25,163803,0,0.0
163803003,2025-06-25,163803,0,0.0
163803004,2025-06-25,163803,0,0.0
163803005,2025-06-25,163803,0,0.0
175191001,2025-06-25,175191,0,0.0
175191002,2025-06-25,175191,0,0.0
175191003,2025-06-25,175191,0,0.0
175191004,2025-06-25,175191,0,0.0
175401001,2025-06-25,175401,0,0.0
175401002,2025-06-25,175401,0,0.0
176701001,2025-06-25,176701,0,0.0
176701002,2025-06-25,176701,0,0.0
176701003,2025-06-25,176701,0,0.0
176701004,2025-06-25,176701,0,0.0
176702001,2025-06-25,176702,0,0.0
176702002,2025-06-25,176702,0,0.0
176702003,2025-06-25,176702,0,0.0
176801001,2025-06-25,176801,0,0.0
176801002,2025-06-25,176801,0,0.0
176801003,2025-06-25,176801,0,0.0
176801004,2025-06-25,176801,0,0.0
176802001,2025-06-25,176802,0,0.0
176802002,2025-06-25,176802,0,0.0
176802003,2025-06-25,176802,0,0.0
176802004,2025-06-25,176802,0,0.0
176802005,2025-06-25,176802,0,0.0
176802006,2025-06-25,176802,0,0.0
177193001,2025-06-25,177193,0,0.0
177193002,2025-06-25,177193,0,0.0
177193003,2025-06-25,177193,0,0.0
177193004,2025-06-25,177193,0,0.0
177193005,2025-06-25,177193,0,0.0
177301001,2025-06-25,177301,0,0.0
177301002,2025-06-25,177301,0,0.0
177301003,2025-06-25,177301,0,0.0
177302001,2025-06-25,177302,0,0.0
177302002,2025-06-25,177302,0,0.0
177302003,2025-06-25,177302,0,0.0
177303001,2025-06-25,177303,0,0.0
177303002,2025-06-25,177303,0,0.0
177303003,2025-06-25,177303,0,0.0
177303004,2025-06-25,177303,0,0.0
177304001,2025-06-25,177304,0,0.0
177304002,2025-06-25,177304,0,0.0
177304003,2025-06-25,177304,0,0.0
177501001,2025-06-25,177501,0,0.0
177501002,2025-06-25,177501,0,0.0
177501003,2025-06-25,177501,0,0.0
177601001,2025-06-25,177601,0,0.0
177601002,2025-06-25,177601,0,0.0
177601003,2025-06-25,177601,0,0.0
177601004,2025-06-25,177601,0,0.0
177602001,2025-06-25,177602,0,0.0
177602002,2025-06-25,177602,0,0.0
177603001,2025-06-25,177603,0,0.0
177603002,2025-06-25,177603,0,0.0
177603003,2025-06-25,177603,0,0.0
177603004,2025-06-25,177603,0,0.0
177604001,2025-06-25,177604,0,0.0
177604002,2025-06-25,177604,0,0.0
177604003,2025-06-25,177604,0,0.0
181201007,2025-06-25,181201,0,0.0
181201008,2025-06-25,181201,0,0.0
181201009,2025-06-25,181201,0,0.0
181201010,2025-06-25,181201,0,0.0
181201011,2025-06-25,181201,0,0.0
181201012,2025-06-25,181201,0,0.0
181202001,2025-06-25,181202,0,0.0
181202002,2025-06-25,181202,0,0.0
181202003,2025-06-25,181202,0,0.0
181203001,2025-06-25,181203,0,0.0
181203002,2025-06-25,181203,0,0.0
181203003,2025-06-25,181203,0,0.0
181203004,2025-06-25,181203,0,0.0
181401001,2025-06-25,181401,0,0.0
181401002,2025-06-25,181401,0,0.0
182601001,2025-06-25,182601,0,0.0
182601002,2025-06-25,182601,0,0.0
182701001,2025-06-25,182701,0,0.0
182701002,2025-06-25,182701,0,0.0
182701003,2025-06-25,182701,0,0.0
182701004,2025-06-25,182701,0,0.0
182702001,2025-06-25,182702,0,0.0
182702002,2025-06-25,182702,0,0.0
182702003,2025-06-25,182702,0,0.0
182702004,2025-06-25,182702,0,0.0
182702005,2025-06-25,182702,0,0.0
182702006,2025-06-25,182702,0,0.0
182702007,2025-06-25,182702,0,0.0
182702008,2025-06-25,182702,0,0.0
186001001,2025-06-25,186001,0,0.0
186001002,2025-06-25,186001,0,0.0
186001003,2025-06-25,186001,0,0.0
186002001,2025-06-25,186002,0,0.0
186002002,2025-06-25,186002,0,0.0
186002003,2025-06-25,186002,0,0.0
186002004,2025-06-25,186002,0,0.0
186190001,2025-06-25,186190,0,0.0
186190002,2025-06-25,186190,0,0.0
186190003,2025-06-25,186190,0,0.0
186190004,2025-06-25,186190,0,0.0
186190005,2025-06-25,186190,0,0.0
186194001,2025-06-25,186194,0,0.0
186194002,2025-06-25,186194,0,0.0
186194003,2025-06-25,186194,0,0.0
186194004,2025-06-25,186194,0,0.0
186194005,2025-06-25,186194,0,0.0
186194006,2025-06-25,186194,0,0.0
186194007,2025-06-25,186194,0,0.0
186194008,2025-06-25,186194,0,0.0
186401001,2025-06-25,186401,0,0.0
186401002,2025-06-25,186401,0,0.0
186401003,2025-06-25,186401,0,0.0
186401004,2025-06-25,186401,0,0.0
186402001,2025-06-25,186402,0,0.0
186402002,2025-06-25,186402,0,0.0
186403001,2025-06-25,186403,0,0.0
186403002,2025-06-25,186403,0,0.0
186403003,2025-06-25,186403,0,0.0
186403004,2025-06-25,186403,0,0.0
186403005,2025-06-25,186403,0,0.0
186501001,2025-06-25,186501,0,0.0
186501002,2025-06-25,186501,0,0.0
186502001,2025-06-25,186502,0,0.0
186502002,2025-06-25,186502,0,0.0
186502003,2025-06-25,186502,0,0.0
186502004,2025-06-25,186502,0,0.0
186503005,2025-06-25,186503,0,0.0
186503006,2025-06-25,186503,0,0.0
186503007,2025-06-25,186503,0,0.0
186503008,2025-06-25,186503,0,0.0
190516001,2025-06-25,190516,0,0.0
190516002,2025-06-25,190516,0,0.0
190516003,2025-06-25,190516,0,0.0
193101001,2025-06-25,193101,0,0.0
193101002,2025-06-25,193101,0,0.0
193101003,2025-06-25,193101,0,0.0
193102001,2025-06-25,193102,0,0.0
193102002,2025-06-25,193102,0,0.0
193103001,2025-06-25,193103,0,0.0
193103002,2025-06-25,193103,0,0.0
193103003,2025-06-25,193103,0,0.0
193103004,2025-06-25,193103,0,0.0
193201001,2025-06-25,193201,0,0.0
193201002,2025-06-25,193201,0,0.0
193201003,2025-06-25,193201,0,0.0
193202001,2025-06-25,193202,0,0.0
193202002,2025-06-25,193202,0,0.0
193202003,2025-06-25,193202,0,0.0
193501001,2025-06-25,193501,0,0.0
193501002,2025-06-25,193501,0,0.0
193701001,2025-06-25,193701,0,0.0
193701002,2025-06-25,193701,0,0.0
193701003,2025-06-25,193701,0,0.0
193702001,2025-06-25,193702,0,0.0
193702002,2025-06-25,193702,0,0.0
193702003,2025-06-25,193702,0,0.0
195501001,2025-06-25,195501,0,0.0
195501002,2025-06-25,195501,0,0.0
195501003,2025-06-25,195501,0,0.0
195501004,2025-06-25,195501,0,0.0
195601002,2025-06-25,195601,0,0.0
195601003,2025-06-25,195601,0,0.0
195601004,2025-06-25,195601,0,0.0
195601005,2025-06-25,195601,0,0.0
195601006,2025-06-25,195601,0,0.0
195601007,2025-06-25,195601,0,0.0
195601009,2025-06-25,195601,0,0.0
195602001,2025-06-25,195602,0,0.0
195602002,2025-06-25,195602,0,0.0
195602003,2025-06-25,195602,0,0.0
195603001,2025-06-25,195603,0,0.0
195603002,2025-06-25,195603,0,0.0
195603003,2025-06-25,195603,0,0.0
195604001,2025-06-25,195604,0,0.0
195604002,2025-06-25,195604,0,0.0
195604003,2025-06-25,195604,0,0.0
195605001,2025-06-25,195605,0,0.0
195605002,2025-06-25,195605,0,0.0
195605003,2025-06-25,195605,0,0.0
195701001,2025-06-25,195701,0,0.0
195701002,2025-06-25,195701,0,0.0
195702001,2025-06-25,195702,0,0.0
195702002,2025-06-25,195702,0,0.0
195702003,2025-06-25,195702,0,0.0
195702004,2025-06-25,195702,0,0.0
200001001,2025-06-25,200001,0,0.0
200001002,2025-06-25,200001,0,0.0
200001003,2025-06-25,200001,0,0.0
200001004,2025-06-25,200001,0,0.0
200002001,2025-06-25,200002,0,0.0
200002002,2025-06-25,200002,0,0.0
200003003,2025-06-25,200003,0,0.0
211300001,2025-06-25,211300,0,0.0
211300003,2025-06-25,211300,0,0.0
211300004,2025-06-25,211300,0,0.0
211300007,2025-06-25,211300,0,0.0
211300008,2025-06-25,211300,0,0.0
211600001,2025-06-25,211600,0,0.0
211600002,2025-06-25,211600,0,0.0
211600003,2025-06-25,211600,0,0.0
211600004,2025-06-25,211600,0,0.0
211600005,2025-06-25,211600,0,0.0
211800001,2025-06-25,211800,0,0.0
211800002,2025-06-25,211800,0,0.0
211800003,2025-06-25,211800,0,0.0
211800004,2025-06-25,211800,0,0.0
211800005,2025-06-25,211800,0,0.0
211800006,2025-06-25,211800,0,0.0
211800007,2025-06-25,211800,0,0.0
211801001,2025-06-25,211801,0,0.0
211801002,2025-06-25,211801,0,0.0
211802001,2025-06-25,211802,0,0.0
212000001,2025-06-25,212000,0,0.0
212000003,2025-06-25,212000,0,0.0
212000006,2025-06-25,212000,0,0.0
212000007,2025-06-25,212000,0,0.0
212000008,2025-06-25,212000,0,0.0
212000010,2025-06-25,212000,0,0.0
212000012,2025-06-25,212000,0,0.0
212000013,2025-06-25,212000,0,0.0
212000015,2025-06-25,212000,0,0.0
212000016,2025-06-25,212000,0,0.0
212000017,2025-06-25,212000,0,0.0
212100001,2025-06-25,212100,0,0.0
212100002,2025-06-25,212100,0,0.0
212100003,2025-06-25,212100,0,0.0
212200001,2025-06-25,212200,0,0.0
212200002,2025-06-25,212200,0,0.0
212200006,2025-06-25,212200,0,0.0
212200007,2025-06-25,212200,0,0.0
212200008,2025-06-25,212200,0,0.0
212400001,2025-06-25,212400,0,0.0
221000001,2025-06-25,221000,0,0.0
221000002,2025-06-25,221000,0,0.0
280101001,2025-06-25,280101,0,0.0
280101002,2025-06-25,280101,0,0.0
280101003,2025-06-25,280101,0,0.0
280101004,2025-06-25,280101,0,0.0
280101005,2025-06-25,280101,0,0.0
280101006,2025-06-25,280101,0,0.0
280101007,2025-06-25,280101,0,0.0
280101008,2025-06-25,280101,0,0.0
280901001,2025-06-25,280901,0,0.0
280901002,2025-06-25,280901,0,0.0
280901003,2025-06-25,280901,0,0.0
280901004,2025-06-25,280901,0,0.0
280901005,2025-06-25,280901,0,0.0
280901006,2025-06-25,280901,0,0.0
280901007,2025-06-25,280901,0,0.0
280901008,2025-06-25,280901,0,0.0
280901009,2025-06-25,280901,0,0.0
280901010,2025-06-25,280901,0,0.0
280909001,2025-06-25,280909,0,0.0
280909002,2025-06-25,280909,0,0.0
280909003,2025-06-25,280909,0,0.0
280909004,2025-06-25,280909,0,0.0
280909005,2025-06-25,280909,0,0.0
280909006,2025-06-25,280909,0,0.0
280909007,2025-06-25,280909,0,0.0
280909008,2025-06-25,280909,0,0.0
280909009,2025-06-25,280909,0,0.0
280909010,2025-06-25,280909,0,0.0
280909011,2025-06-25,280909,0,0.0
280909012,2025-06-25,280909,0,0.0
280909013,2025-06-25,280909,0,0.0
280909014,2025-06-25,280909,0,0.0
280909015,2025-06-25,280909,0,0.0
280909016,2025-06-25,280909,0,0.0
280909017,2025-06-25,280909,0,0.0
280909018,2025-06-25,280909,0,0.0
280909019,2025-06-25,280909,0,0.0
280909020,2025-06-25,280909,0,0.0
280909021,2025-06-25,280909,0,0.0
280909022,2025-06-25,280909,0,0.0
280909023,2025-06-25,280909,0,0.0
280909024,2025-06-25,280909,0,0.0
280909025,2025-06-25,280909,0,0.0
280909026,2025-06-25,280909,0,0.0
280909027,2025-06-25,280909,0,0.0
280909028,2025-06-25,280909,0,0.0
280909029,2025-06-25,280909,0,0.0
280909030,2025-06-25,280909,0,0.0
280909031,2025-06-25,280909,0,0.0
280909032,2025-06-25,280909,0,0.0
280909033,2025-06-25,280909,0,0.0
280909034,2025-06-25,280909,0,0.0
400003001,2025-06-25,400003,0,0.0
400003002,2025-06-25,400003,0,0.0
500002001,2025-06-25,500002,0,0.0
500002002,2025-06-25,500002,0,0.0
500002003,2025-06-25,500002,0,0.0
500009001,2025-06-25,500009,0,0.0
500009002,2025-06-25,500009,0,0.0
500009003,2025-06-25,500009,0,0.0
500009004,2025-06-25,500009,0,0.0
500009005,2025-06-25,500009,0,0.0
500009006,2025-06-25,500009,0,0.0
500009007,2025-06-25,500009,0,0.0
500009008,2025-06-25,500009,0,0.0
500009009,2025-06-25,500009,0,0.0
500009010,2025-06-25,500009,0,0.0
500009011,2025-06-25,500009,0,0.0
500009012,2025-06-25,500009,0,0.0
500011001,2025-06-25,500011,0,0.0
654321123,2025-06-25,654321,0,0.0
999988001,2025-06-25,999988,0,0.0
